attributeId,siteName,siteId,attributeName,attributeConceptId,value,valueId,valueUnit,valueUnitId
http://linked.data.gov.au/dataset/ausplots/tern_site_location-attr-bioregion_name-61385,WAAYAL0003,http://linked.data.gov.au/dataset/ausplots/site-waayal0003,bioregion,http://linked.data.gov.au/def/tern-cv/dbff3449-2ec9-4722-a953-87c78da86f74,Yalgoo,http://linked.data.gov.au/def/ausplots-cv/847fd6c2-2256-44dd-947f-977c41b47a07,N/A,N/A
http://linked.data.gov.au/dataset/ausplots/tern_site_location-attr-plot_shape-61385,WAAYAL0003,http://linked.data.gov.au/dataset/ausplots/site-waayal0003,plot shape,http://linked.data.gov.au/def/tern-cv/8080742b-6855-4e27-812b-671d4dfe7e0f,square,http://linked.data.gov.au/def/tern-cv/b2e07a7f-942e-44d9-9fd6-f0cee7be103d,N/A,N/A
http://linked.data.gov.au/dataset/ausplots/tern_site_location-attr-plot_width-61385,WAAYAL0003,http://linked.data.gov.au/dataset/ausplots/site-waayal0003,plot width,http://linked.data.gov.au/def/tern-cv/c230dd97-3af1-43cf-bd27-ffcf4979d3a1,100.0,N/A,Metre,http://qudt.org/vocab/unit/M
http://linked.data.gov.au/dataset/ausplots/tern_site_location-attr-plot_length-61385,WAAYAL0003,http://linked.data.gov.au/dataset/ausplots/site-waayal0003,plot length,http://linked.data.gov.au/def/tern-cv/9f8cc716-bc8c-40c4-be6b-6270813e94f3,100.0,N/A,Metre,http://qudt.org/vocab/unit/M
http://linked.data.gov.au/dataset/ausplots/tern_site_location-attr-plot_area-61385,WAAYAL0003,http://linked.data.gov.au/dataset/ausplots/site-waayal0003,plot area,http://linked.data.gov.au/def/tern-cv/cc229ff9-8cca-4ddd-8f01-e1e3fb5892af,10000.0,N/A,Square Metre,http://qudt.org/vocab/unit/M2
http://linked.data.gov.au/dataset/ausplots/tern_site_location-attr-property-61385,WAAYAL0003,http://linked.data.gov.au/dataset/ausplots/site-waayal0003,location name,http://linked.data.gov.au/def/tern-cv/dbf4aae7-4179-486b-b181-4f7942f657db,Edel Land National Park,N/A,N/A,N/A
http://linked.data.gov.au/dataset/ausplots/tern_site_location-attr-plot_is_permanently_marked-61385,WAAYAL0003,http://linked.data.gov.au/dataset/ausplots/site-waayal0003,permanent plot,http://linked.data.gov.au/def/tern-cv/e1021d25-7d76-4faa-bfcc-fb6d225eb3ec,True,N/A,N/A,N/A
http://linked.data.gov.au/dataset/ausplots/tern_site_location-attr-comments-61385,WAAYAL0003,http://linked.data.gov.au/dataset/ausplots/site-waayal0003,site notes,http://linked.data.gov.au/def/tern-cv/1a283759-58e3-45bb-ab70-6f0bd82038fc,Dune slope rising up to crest of the dune that overlooks bay. Avg 5-6 degree slope to the west but flattens out at the top. No surface strew. Long unburnt but some dead trees. Grazing effect is low- some rabbits and goats. Lysimachia and Hypochaeris but cover is quite low. Homogeneity- 75m from centre of the plot is same community- more or less confined to the plot but continues along dune slope to the north and south. South west corner is 50m in from Steep Point access track.,N/A,N/A,N/A
http://linked.data.gov.au/dataset/ausplots/tern_site_location-attr-bioregion_name-61412,WAAYAL0007,http://linked.data.gov.au/dataset/ausplots/site-waayal0007,bioregion,http://linked.data.gov.au/def/tern-cv/dbff3449-2ec9-4722-a953-87c78da86f74,Yalgoo,http://linked.data.gov.au/def/ausplots-cv/847fd6c2-2256-44dd-947f-977c41b47a07,N/A,N/A
http://linked.data.gov.au/dataset/ausplots/tern_site_location-attr-plot_shape-61412,WAAYAL0007,http://linked.data.gov.au/dataset/ausplots/site-waayal0007,plot shape,http://linked.data.gov.au/def/tern-cv/8080742b-6855-4e27-812b-671d4dfe7e0f,square,http://linked.data.gov.au/def/tern-cv/b2e07a7f-942e-44d9-9fd6-f0cee7be103d,N/A,N/A
http://linked.data.gov.au/dataset/ausplots/tern_site_location-attr-plot_width-61412,WAAYAL0007,http://linked.data.gov.au/dataset/ausplots/site-waayal0007,plot width,http://linked.data.gov.au/def/tern-cv/c230dd97-3af1-43cf-bd27-ffcf4979d3a1,100.0,N/A,Metre,http://qudt.org/vocab/unit/M
http://linked.data.gov.au/dataset/ausplots/tern_site_location-attr-plot_length-61412,WAAYAL0007,http://linked.data.gov.au/dataset/ausplots/site-waayal0007,plot length,http://linked.data.gov.au/def/tern-cv/9f8cc716-bc8c-40c4-be6b-6270813e94f3,100.0,N/A,Metre,http://qudt.org/vocab/unit/M
http://linked.data.gov.au/dataset/ausplots/tern_site_location-attr-plot_area-61412,WAAYAL0007,http://linked.data.gov.au/dataset/ausplots/site-waayal0007,plot area,http://linked.data.gov.au/def/tern-cv/cc229ff9-8cca-4ddd-8f01-e1e3fb5892af,10000.0,N/A,Square Metre,http://qudt.org/vocab/unit/M2
http://linked.data.gov.au/dataset/ausplots/tern_site_location-attr-property-61412,WAAYAL0007,http://linked.data.gov.au/dataset/ausplots/site-waayal0007,location name,http://linked.data.gov.au/def/tern-cv/dbf4aae7-4179-486b-b181-4f7942f657db,Charles Darwin Reserve,N/A,N/A,N/A
http://linked.data.gov.au/dataset/ausplots/tern_site_location-attr-plot_is_permanently_marked-61412,WAAYAL0007,http://linked.data.gov.au/dataset/ausplots/site-waayal0007,permanent plot,http://linked.data.gov.au/def/tern-cv/e1021d25-7d76-4faa-bfcc-fb6d225eb3ec,True,N/A,N/A,N/A
http://linked.data.gov.au/dataset/ausplots/tern_site_location-attr-comments-61412,WAAYAL0007,http://linked.data.gov.au/dataset/ausplots/site-waayal0007,site notes,http://linked.data.gov.au/def/tern-cv/1a283759-58e3-45bb-ab70-6f0bd82038fc,"The site is a lunette with the broader landscape being an alluvial plain. No surface strew or outcrop apparent, however, there is a handful of patches of limestone gravel. The site is homogenous and the community extends 60m from the centre of the plot to the south, 150m to the east, 70m to the west and 30-40m to the north. The community transitions to a more open chenopod shrubland to the east and a sandy samphire shrubland to the south. The nearest infrastructure is the access track 30-40m north of north west corner. A Rangelands Plot is also located just to west of plot. The site is long unburnt with no evidence of previous fire and a fair amount of coarse woody debris. The impact of introduced plants is low to moderate with a few weed species present e.g. Sisymbrium. The impact of grazing is also low with rabbit and macropod scats observed.",N/A,N/A,N/A
http://linked.data.gov.au/dataset/ausplots/tern_site_location-attr-bioregion_name-61413,WAAYAL0004,http://linked.data.gov.au/dataset/ausplots/site-waayal0004,bioregion,http://linked.data.gov.au/def/tern-cv/dbff3449-2ec9-4722-a953-87c78da86f74,Yalgoo,http://linked.data.gov.au/def/ausplots-cv/847fd6c2-2256-44dd-947f-977c41b47a07,N/A,N/A
http://linked.data.gov.au/dataset/ausplots/tern_site_location-attr-plot_shape-61413,WAAYAL0004,http://linked.data.gov.au/dataset/ausplots/site-waayal0004,plot shape,http://linked.data.gov.au/def/tern-cv/8080742b-6855-4e27-812b-671d4dfe7e0f,square,http://linked.data.gov.au/def/tern-cv/b2e07a7f-942e-44d9-9fd6-f0cee7be103d,N/A,N/A
http://linked.data.gov.au/dataset/ausplots/tern_site_location-attr-plot_width-61413,WAAYAL0004,http://linked.data.gov.au/dataset/ausplots/site-waayal0004,plot width,http://linked.data.gov.au/def/tern-cv/c230dd97-3af1-43cf-bd27-ffcf4979d3a1,100.0,N/A,Metre,http://qudt.org/vocab/unit/M
http://linked.data.gov.au/dataset/ausplots/tern_site_location-attr-plot_length-61413,WAAYAL0004,http://linked.data.gov.au/dataset/ausplots/site-waayal0004,plot length,http://linked.data.gov.au/def/tern-cv/9f8cc716-bc8c-40c4-be6b-6270813e94f3,100.0,N/A,Metre,http://qudt.org/vocab/unit/M
http://linked.data.gov.au/dataset/ausplots/tern_site_location-attr-plot_area-61413,WAAYAL0004,http://linked.data.gov.au/dataset/ausplots/site-waayal0004,plot area,http://linked.data.gov.au/def/tern-cv/cc229ff9-8cca-4ddd-8f01-e1e3fb5892af,10000.0,N/A,Square Metre,http://qudt.org/vocab/unit/M2
http://linked.data.gov.au/dataset/ausplots/tern_site_location-attr-property-61413,WAAYAL0004,http://linked.data.gov.au/dataset/ausplots/site-waayal0004,location name,http://linked.data.gov.au/def/tern-cv/dbf4aae7-4179-486b-b181-4f7942f657db,Edel Land National Park,N/A,N/A,N/A
http://linked.data.gov.au/dataset/ausplots/tern_site_location-attr-plot_is_permanently_marked-61413,WAAYAL0004,http://linked.data.gov.au/dataset/ausplots/site-waayal0004,permanent plot,http://linked.data.gov.au/def/tern-cv/e1021d25-7d76-4faa-bfcc-fb6d225eb3ec,True,N/A,N/A,N/A
http://linked.data.gov.au/dataset/ausplots/tern_site_location-attr-comments-61413,WAAYAL0004,http://linked.data.gov.au/dataset/ausplots/site-waayal0004,site notes,http://linked.data.gov.au/def/tern-cv/1a283759-58e3-45bb-ab70-6f0bd82038fc,"The site is a perched swamp situated in the swale of a dunefield. There is a small amount of cobble-sized limestone fragments as well as a little bit of sandstone gravel. The swamp is relatively flat but drains to the north. The site is homogenous and the community extends 60m from centre of the plot to west, about 40-15m to the south where it is stopped by a road, it finishes along the eastern edge of plot and extends 80m to north but transitions to more of a Melaleuca dominated shrubland. The nearest infrastructure is the main 4WD track through the park and it is about 10-15m to the south from the south west corner. The site is long unburnt and the impact of grazing is low with only evidence of macropod scats and pads. The impact of introduced weeds is also minimal.
",N/A,N/A,N/A
http://linked.data.gov.au/dataset/ausplots/tern_site_location-attr-bioregion_name-61434,SAAEYB0013,http://linked.data.gov.au/dataset/ausplots/site-saaeyb0013,bioregion,http://linked.data.gov.au/def/tern-cv/dbff3449-2ec9-4722-a953-87c78da86f74,Eyre Yorke Block,http://linked.data.gov.au/def/ausplots-cv/323977b0-b56b-4683-8de0-056a26302297,N/A,N/A
http://linked.data.gov.au/dataset/ausplots/tern_site_location-attr-plot_shape-61434,SAAEYB0013,http://linked.data.gov.au/dataset/ausplots/site-saaeyb0013,plot shape,http://linked.data.gov.au/def/tern-cv/8080742b-6855-4e27-812b-671d4dfe7e0f,square,http://linked.data.gov.au/def/tern-cv/b2e07a7f-942e-44d9-9fd6-f0cee7be103d,N/A,N/A
http://linked.data.gov.au/dataset/ausplots/tern_site_location-attr-plot_width-61434,SAAEYB0013,http://linked.data.gov.au/dataset/ausplots/site-saaeyb0013,plot width,http://linked.data.gov.au/def/tern-cv/c230dd97-3af1-43cf-bd27-ffcf4979d3a1,100.0,N/A,Metre,http://qudt.org/vocab/unit/M
http://linked.data.gov.au/dataset/ausplots/tern_site_location-attr-plot_length-61434,SAAEYB0013,http://linked.data.gov.au/dataset/ausplots/site-saaeyb0013,plot length,http://linked.data.gov.au/def/tern-cv/9f8cc716-bc8c-40c4-be6b-6270813e94f3,100.0,N/A,Metre,http://qudt.org/vocab/unit/M
http://linked.data.gov.au/dataset/ausplots/tern_site_location-attr-plot_area-61434,SAAEYB0013,http://linked.data.gov.au/dataset/ausplots/site-saaeyb0013,plot area,http://linked.data.gov.au/def/tern-cv/cc229ff9-8cca-4ddd-8f01-e1e3fb5892af,10000.0,N/A,Square Metre,http://qudt.org/vocab/unit/M2
http://linked.data.gov.au/dataset/ausplots/tern_site_location-attr-property-61434,SAAEYB0013,http://linked.data.gov.au/dataset/ausplots/site-saaeyb0013,location name,http://linked.data.gov.au/def/tern-cv/dbf4aae7-4179-486b-b181-4f7942f657db,Unnamed (No.HA583),N/A,N/A,N/A
http://linked.data.gov.au/dataset/ausplots/tern_site_location-attr-plot_is_permanently_marked-61434,SAAEYB0013,http://linked.data.gov.au/dataset/ausplots/site-saaeyb0013,permanent plot,http://linked.data.gov.au/def/tern-cv/e1021d25-7d76-4faa-bfcc-fb6d225eb3ec,True,N/A,N/A,N/A
http://linked.data.gov.au/dataset/ausplots/tern_site_location-attr-comments-61434,SAAEYB0013,http://linked.data.gov.au/dataset/ausplots/site-saaeyb0013,site notes,http://linked.data.gov.au/def/tern-cv/1a283759-58e3-45bb-ab70-6f0bd82038fc,"Calcrete plain with sheet outcrop and cobble sized strew.  Slight slope – 3 degrees to the south east. Numerous introduced plant species - Lysimachia arvensis, Aira elegantissima, Briza minor, Hypochaeris glabraand other grasses and forbs but cover is low. Most abundant in areas disturbed by kangaroos- often growing directly out of scats.   No emu scats, low number of Kangaroo scats. Long unburnt- no scarring on trees.  Plot is homogenous. 200m from centre in same community. Site is patchy at a sub 1ha level but reflects pattern of broader landscape. Eucalyptus oleosa subsp. ampliata, Acacia rupicola and Templetonia retusa denser in southern part of plot while northern half of plot is more open- more exposed limestone outcrop and a higher density of Melaleuca lanceolata.  Track 130m east of south east corner of plot.",N/A,N/A,N/A
http://linked.data.gov.au/dataset/ausplots/tern_site_location-attr-bioregion_name-61436,SAAEYB0011,http://linked.data.gov.au/dataset/ausplots/site-saaeyb0011,bioregion,http://linked.data.gov.au/def/tern-cv/dbff3449-2ec9-4722-a953-87c78da86f74,Eyre Yorke Block,http://linked.data.gov.au/def/ausplots-cv/323977b0-b56b-4683-8de0-056a26302297,N/A,N/A
http://linked.data.gov.au/dataset/ausplots/tern_site_location-attr-plot_shape-61436,SAAEYB0011,http://linked.data.gov.au/dataset/ausplots/site-saaeyb0011,plot shape,http://linked.data.gov.au/def/tern-cv/8080742b-6855-4e27-812b-671d4dfe7e0f,square,http://linked.data.gov.au/def/tern-cv/b2e07a7f-942e-44d9-9fd6-f0cee7be103d,N/A,N/A
http://linked.data.gov.au/dataset/ausplots/tern_site_location-attr-plot_width-61436,SAAEYB0011,http://linked.data.gov.au/dataset/ausplots/site-saaeyb0011,plot width,http://linked.data.gov.au/def/tern-cv/c230dd97-3af1-43cf-bd27-ffcf4979d3a1,100.0,N/A,Metre,http://qudt.org/vocab/unit/M
http://linked.data.gov.au/dataset/ausplots/tern_site_location-attr-plot_length-61436,SAAEYB0011,http://linked.data.gov.au/dataset/ausplots/site-saaeyb0011,plot length,http://linked.data.gov.au/def/tern-cv/9f8cc716-bc8c-40c4-be6b-6270813e94f3,100.0,N/A,Metre,http://qudt.org/vocab/unit/M
http://linked.data.gov.au/dataset/ausplots/tern_site_location-attr-plot_area-61436,SAAEYB0011,http://linked.data.gov.au/dataset/ausplots/site-saaeyb0011,plot area,http://linked.data.gov.au/def/tern-cv/cc229ff9-8cca-4ddd-8f01-e1e3fb5892af,10000.0,N/A,Square Metre,http://qudt.org/vocab/unit/M2
http://linked.data.gov.au/dataset/ausplots/tern_site_location-attr-property-61436,SAAEYB0011,http://linked.data.gov.au/dataset/ausplots/site-saaeyb0011,location name,http://linked.data.gov.au/def/tern-cv/dbf4aae7-4179-486b-b181-4f7942f657db,Unnamed (No.HA635),N/A,N/A,N/A
http://linked.data.gov.au/dataset/ausplots/tern_site_location-attr-plot_is_permanently_marked-61436,SAAEYB0011,http://linked.data.gov.au/dataset/ausplots/site-saaeyb0011,permanent plot,http://linked.data.gov.au/def/tern-cv/e1021d25-7d76-4faa-bfcc-fb6d225eb3ec,True,N/A,N/A,N/A
http://linked.data.gov.au/dataset/ausplots/tern_site_location-attr-comments-61436,SAAEYB0011,http://linked.data.gov.au/dataset/ausplots/site-saaeyb0011,site notes,http://linked.data.gov.au/def/tern-cv/1a283759-58e3-45bb-ab70-6f0bd82038fc,"Flat site on plain with calcrete cobbles and some larger boulders. Thin veneer of soil covering calcrete sheets.  Rocky and uneven through the site.  Long unburnt. Termite mounds in site. Introduced plant effect is low to moderate - Trifolium campestre most common especially in small open areas but many other species present at low cover incl Aira elegantissima,  Lysimachia arvensis, Briza minor, Bromus spp. and Sonchus oleraceus.  Lycium ferocissimum noted at plot layout but not collected. Grazing effect is from Kangaroos- beds and scats in the plot. Some native grasses and orchids ( Thelymitra especially) have been severely grazed and there is no recruitment in Allocasuarina verticillata or Bursaria spinosa subsp. spinosa. Small number of emu scats. Long unburnt- no scarring on trees.    Plot is homogenous- 75m from centre is same community. Slightly more open through the centre of the plot. 110m  from north east corner is property access track.",N/A,N/A,N/A
http://linked.data.gov.au/dataset/ausplots/tern_site_location-attr-bioregion_name-61386,WAAYAL0005,http://linked.data.gov.au/dataset/ausplots/site-waayal0005,bioregion,http://linked.data.gov.au/def/tern-cv/dbff3449-2ec9-4722-a953-87c78da86f74,Yalgoo,http://linked.data.gov.au/def/ausplots-cv/847fd6c2-2256-44dd-947f-977c41b47a07,N/A,N/A
http://linked.data.gov.au/dataset/ausplots/tern_site_location-attr-plot_shape-61386,WAAYAL0005,http://linked.data.gov.au/dataset/ausplots/site-waayal0005,plot shape,http://linked.data.gov.au/def/tern-cv/8080742b-6855-4e27-812b-671d4dfe7e0f,square,http://linked.data.gov.au/def/tern-cv/b2e07a7f-942e-44d9-9fd6-f0cee7be103d,N/A,N/A
http://linked.data.gov.au/dataset/ausplots/tern_site_location-attr-plot_width-61386,WAAYAL0005,http://linked.data.gov.au/dataset/ausplots/site-waayal0005,plot width,http://linked.data.gov.au/def/tern-cv/c230dd97-3af1-43cf-bd27-ffcf4979d3a1,100.0,N/A,Metre,http://qudt.org/vocab/unit/M
http://linked.data.gov.au/dataset/ausplots/tern_site_location-attr-plot_length-61386,WAAYAL0005,http://linked.data.gov.au/dataset/ausplots/site-waayal0005,plot length,http://linked.data.gov.au/def/tern-cv/9f8cc716-bc8c-40c4-be6b-6270813e94f3,100.0,N/A,Metre,http://qudt.org/vocab/unit/M
http://linked.data.gov.au/dataset/ausplots/tern_site_location-attr-plot_area-61386,WAAYAL0005,http://linked.data.gov.au/dataset/ausplots/site-waayal0005,plot area,http://linked.data.gov.au/def/tern-cv/cc229ff9-8cca-4ddd-8f01-e1e3fb5892af,10000.0,N/A,Square Metre,http://qudt.org/vocab/unit/M2
http://linked.data.gov.au/dataset/ausplots/tern_site_location-attr-property-61386,WAAYAL0005,http://linked.data.gov.au/dataset/ausplots/site-waayal0005,location name,http://linked.data.gov.au/def/tern-cv/dbf4aae7-4179-486b-b181-4f7942f657db,Edel Land National Park,N/A,N/A,N/A
http://linked.data.gov.au/dataset/ausplots/tern_site_location-attr-plot_is_permanently_marked-61386,WAAYAL0005,http://linked.data.gov.au/dataset/ausplots/site-waayal0005,permanent plot,http://linked.data.gov.au/def/tern-cv/e1021d25-7d76-4faa-bfcc-fb6d225eb3ec,True,N/A,N/A,N/A
http://linked.data.gov.au/dataset/ausplots/tern_site_location-attr-comments-61386,WAAYAL0005,http://linked.data.gov.au/dataset/ausplots/site-waayal0005,site notes,http://linked.data.gov.au/def/tern-cv/1a283759-58e3-45bb-ab70-6f0bd82038fc,Plots is a dune slope in a dune field with 5 degree slope that peters out on the eastern edge. Slope is to the east. No surface strew- very sandy. Long unburnt- lots of old dead growth in the shrub layer but no evidence of recent fire. Grazing effect is minimal- kangaroos possibly goats too but in low numbers. Plot is homogenous- community extends across the track and for 200m+ to the south. Track is 10m in from the eastern edge.,N/A,N/A,N/A
http://linked.data.gov.au/dataset/ausplots/tern_site_location-attr-bioregion_name-61389,WAAYAL0001,http://linked.data.gov.au/dataset/ausplots/site-waayal0001,bioregion,http://linked.data.gov.au/def/tern-cv/dbff3449-2ec9-4722-a953-87c78da86f74,Yalgoo,http://linked.data.gov.au/def/ausplots-cv/847fd6c2-2256-44dd-947f-977c41b47a07,N/A,N/A
http://linked.data.gov.au/dataset/ausplots/tern_site_location-attr-plot_shape-61389,WAAYAL0001,http://linked.data.gov.au/dataset/ausplots/site-waayal0001,plot shape,http://linked.data.gov.au/def/tern-cv/8080742b-6855-4e27-812b-671d4dfe7e0f,square,http://linked.data.gov.au/def/tern-cv/b2e07a7f-942e-44d9-9fd6-f0cee7be103d,N/A,N/A
http://linked.data.gov.au/dataset/ausplots/tern_site_location-attr-plot_width-61389,WAAYAL0001,http://linked.data.gov.au/dataset/ausplots/site-waayal0001,plot width,http://linked.data.gov.au/def/tern-cv/c230dd97-3af1-43cf-bd27-ffcf4979d3a1,100.0,N/A,Metre,http://qudt.org/vocab/unit/M
http://linked.data.gov.au/dataset/ausplots/tern_site_location-attr-plot_length-61389,WAAYAL0001,http://linked.data.gov.au/dataset/ausplots/site-waayal0001,plot length,http://linked.data.gov.au/def/tern-cv/9f8cc716-bc8c-40c4-be6b-6270813e94f3,100.0,N/A,Metre,http://qudt.org/vocab/unit/M
http://linked.data.gov.au/dataset/ausplots/tern_site_location-attr-plot_area-61389,WAAYAL0001,http://linked.data.gov.au/dataset/ausplots/site-waayal0001,plot area,http://linked.data.gov.au/def/tern-cv/cc229ff9-8cca-4ddd-8f01-e1e3fb5892af,10000.0,N/A,Square Metre,http://qudt.org/vocab/unit/M2
http://linked.data.gov.au/dataset/ausplots/tern_site_location-attr-property-61389,WAAYAL0001,http://linked.data.gov.au/dataset/ausplots/site-waayal0001,location name,http://linked.data.gov.au/def/tern-cv/dbf4aae7-4179-486b-b181-4f7942f657db,Edel Land National Park,N/A,N/A,N/A
http://linked.data.gov.au/dataset/ausplots/tern_site_location-attr-plot_is_permanently_marked-61389,WAAYAL0001,http://linked.data.gov.au/dataset/ausplots/site-waayal0001,permanent plot,http://linked.data.gov.au/def/tern-cv/e1021d25-7d76-4faa-bfcc-fb6d225eb3ec,True,N/A,N/A,N/A
http://linked.data.gov.au/dataset/ausplots/tern_site_location-attr-comments-61389,WAAYAL0001,http://linked.data.gov.au/dataset/ausplots/site-waayal0001,site notes,http://linked.data.gov.au/def/tern-cv/1a283759-58e3-45bb-ab70-6f0bd82038fc,Dune slope dropping down to cliffs on western edge. 6 degree slope to the west. Some very low limestone outcrops and some limestone cobbles but mostly covered by sand. Long unburnt. Not grazed but possibly some rabbits. Introduced plant effect is low but Senecio may be a weed- check Ids and inform Rangers.  Plot is homogenous- a little bit rockier on western edge. Extensive community along dune slope to the south. To the north is turnaround area for steep point car park. North east corner is about 15m from track moving away to the north west corner which is about 35m south of turnaround area.,N/A,N/A,N/A
http://linked.data.gov.au/dataset/ausplots/tern_site_location-attr-bioregion_name-59978,NTASSD0011,http://linked.data.gov.au/dataset/ausplots/site-ntassd0011,bioregion,http://linked.data.gov.au/def/tern-cv/dbff3449-2ec9-4722-a953-87c78da86f74,Simpson Strzelecki Dunefields,http://linked.data.gov.au/def/ausplots-cv/8292a1e8-5671-4997-a034-9775b3e4d8f8,N/A,N/A
http://linked.data.gov.au/dataset/ausplots/tern_site_location-attr-plot_shape-59978,NTASSD0011,http://linked.data.gov.au/dataset/ausplots/site-ntassd0011,plot shape,http://linked.data.gov.au/def/tern-cv/8080742b-6855-4e27-812b-671d4dfe7e0f,square,http://linked.data.gov.au/def/tern-cv/b2e07a7f-942e-44d9-9fd6-f0cee7be103d,N/A,N/A
http://linked.data.gov.au/dataset/ausplots/tern_site_location-attr-plot_width-59978,NTASSD0011,http://linked.data.gov.au/dataset/ausplots/site-ntassd0011,plot width,http://linked.data.gov.au/def/tern-cv/c230dd97-3af1-43cf-bd27-ffcf4979d3a1,100.0,N/A,Metre,http://qudt.org/vocab/unit/M
http://linked.data.gov.au/dataset/ausplots/tern_site_location-attr-plot_length-59978,NTASSD0011,http://linked.data.gov.au/dataset/ausplots/site-ntassd0011,plot length,http://linked.data.gov.au/def/tern-cv/9f8cc716-bc8c-40c4-be6b-6270813e94f3,100.0,N/A,Metre,http://qudt.org/vocab/unit/M
http://linked.data.gov.au/dataset/ausplots/tern_site_location-attr-plot_area-59978,NTASSD0011,http://linked.data.gov.au/dataset/ausplots/site-ntassd0011,plot area,http://linked.data.gov.au/def/tern-cv/cc229ff9-8cca-4ddd-8f01-e1e3fb5892af,10000.0,N/A,Square Metre,http://qudt.org/vocab/unit/M2
http://linked.data.gov.au/dataset/ausplots/tern_site_location-attr-property-59978,NTASSD0011,http://linked.data.gov.au/dataset/ausplots/site-ntassd0011,location name,http://linked.data.gov.au/def/tern-cv/dbf4aae7-4179-486b-b181-4f7942f657db,Andado Station,N/A,N/A,N/A
http://linked.data.gov.au/dataset/ausplots/tern_site_location-attr-plot_is_permanently_marked-59978,NTASSD0011,http://linked.data.gov.au/dataset/ausplots/site-ntassd0011,permanent plot,http://linked.data.gov.au/def/tern-cv/e1021d25-7d76-4faa-bfcc-fb6d225eb3ec,True,N/A,N/A,N/A
http://linked.data.gov.au/dataset/ausplots/tern_site_location-attr-comments-59978,NTASSD0011,http://linked.data.gov.au/dataset/ausplots/site-ntassd0011,site notes,http://linked.data.gov.au/def/tern-cv/1a283759-58e3-45bb-ab70-6f0bd82038fc,Gibber plain,N/A,N/A,N/A
http://linked.data.gov.au/dataset/ausplots/tern_site_location-attr-bioregion_name-59982,NTASSD0013,http://linked.data.gov.au/dataset/ausplots/site-ntassd0013,bioregion,http://linked.data.gov.au/def/tern-cv/dbff3449-2ec9-4722-a953-87c78da86f74,Simpson Strzelecki Dunefields,http://linked.data.gov.au/def/ausplots-cv/8292a1e8-5671-4997-a034-9775b3e4d8f8,N/A,N/A
http://linked.data.gov.au/dataset/ausplots/tern_site_location-attr-plot_shape-59982,NTASSD0013,http://linked.data.gov.au/dataset/ausplots/site-ntassd0013,plot shape,http://linked.data.gov.au/def/tern-cv/8080742b-6855-4e27-812b-671d4dfe7e0f,square,http://linked.data.gov.au/def/tern-cv/b2e07a7f-942e-44d9-9fd6-f0cee7be103d,N/A,N/A
http://linked.data.gov.au/dataset/ausplots/tern_site_location-attr-plot_width-59982,NTASSD0013,http://linked.data.gov.au/dataset/ausplots/site-ntassd0013,plot width,http://linked.data.gov.au/def/tern-cv/c230dd97-3af1-43cf-bd27-ffcf4979d3a1,100.0,N/A,Metre,http://qudt.org/vocab/unit/M
http://linked.data.gov.au/dataset/ausplots/tern_site_location-attr-plot_length-59982,NTASSD0013,http://linked.data.gov.au/dataset/ausplots/site-ntassd0013,plot length,http://linked.data.gov.au/def/tern-cv/9f8cc716-bc8c-40c4-be6b-6270813e94f3,100.0,N/A,Metre,http://qudt.org/vocab/unit/M
http://linked.data.gov.au/dataset/ausplots/tern_site_location-attr-plot_area-59982,NTASSD0013,http://linked.data.gov.au/dataset/ausplots/site-ntassd0013,plot area,http://linked.data.gov.au/def/tern-cv/cc229ff9-8cca-4ddd-8f01-e1e3fb5892af,10000.0,N/A,Square Metre,http://qudt.org/vocab/unit/M2
http://linked.data.gov.au/dataset/ausplots/tern_site_location-attr-property-59982,NTASSD0013,http://linked.data.gov.au/dataset/ausplots/site-ntassd0013,location name,http://linked.data.gov.au/def/tern-cv/dbf4aae7-4179-486b-b181-4f7942f657db,Andado Station,N/A,N/A,N/A
http://linked.data.gov.au/dataset/ausplots/tern_site_location-attr-plot_is_permanently_marked-59982,NTASSD0013,http://linked.data.gov.au/dataset/ausplots/site-ntassd0013,permanent plot,http://linked.data.gov.au/def/tern-cv/e1021d25-7d76-4faa-bfcc-fb6d225eb3ec,True,N/A,N/A,N/A
http://linked.data.gov.au/dataset/ausplots/tern_site_location-attr-comments-59982,NTASSD0013,http://linked.data.gov.au/dataset/ausplots/site-ntassd0013,site notes,http://linked.data.gov.au/def/tern-cv/1a283759-58e3-45bb-ab70-6f0bd82038fc,Evidence of old disturbance on and near the site. An old track runs through the site and another just south of the site is badly eroded. However it appears that these tracks are no longer in use.,N/A,N/A,N/A
http://linked.data.gov.au/dataset/ausplots/tern_site_location-attr-bioregion_name-59983,NTASSD0014,http://linked.data.gov.au/dataset/ausplots/site-ntassd0014,bioregion,http://linked.data.gov.au/def/tern-cv/dbff3449-2ec9-4722-a953-87c78da86f74,Simpson Strzelecki Dunefields,http://linked.data.gov.au/def/ausplots-cv/8292a1e8-5671-4997-a034-9775b3e4d8f8,N/A,N/A
http://linked.data.gov.au/dataset/ausplots/tern_site_location-attr-plot_shape-59983,NTASSD0014,http://linked.data.gov.au/dataset/ausplots/site-ntassd0014,plot shape,http://linked.data.gov.au/def/tern-cv/8080742b-6855-4e27-812b-671d4dfe7e0f,square,http://linked.data.gov.au/def/tern-cv/b2e07a7f-942e-44d9-9fd6-f0cee7be103d,N/A,N/A
http://linked.data.gov.au/dataset/ausplots/tern_site_location-attr-plot_width-59983,NTASSD0014,http://linked.data.gov.au/dataset/ausplots/site-ntassd0014,plot width,http://linked.data.gov.au/def/tern-cv/c230dd97-3af1-43cf-bd27-ffcf4979d3a1,100.0,N/A,Metre,http://qudt.org/vocab/unit/M
http://linked.data.gov.au/dataset/ausplots/tern_site_location-attr-plot_length-59983,NTASSD0014,http://linked.data.gov.au/dataset/ausplots/site-ntassd0014,plot length,http://linked.data.gov.au/def/tern-cv/9f8cc716-bc8c-40c4-be6b-6270813e94f3,100.0,N/A,Metre,http://qudt.org/vocab/unit/M
http://linked.data.gov.au/dataset/ausplots/tern_site_location-attr-plot_area-59983,NTASSD0014,http://linked.data.gov.au/dataset/ausplots/site-ntassd0014,plot area,http://linked.data.gov.au/def/tern-cv/cc229ff9-8cca-4ddd-8f01-e1e3fb5892af,10000.0,N/A,Square Metre,http://qudt.org/vocab/unit/M2
http://linked.data.gov.au/dataset/ausplots/tern_site_location-attr-property-59983,NTASSD0014,http://linked.data.gov.au/dataset/ausplots/site-ntassd0014,location name,http://linked.data.gov.au/def/tern-cv/dbf4aae7-4179-486b-b181-4f7942f657db,Simpson Desert,N/A,N/A,N/A
http://linked.data.gov.au/dataset/ausplots/tern_site_location-attr-plot_is_permanently_marked-59983,NTASSD0014,http://linked.data.gov.au/dataset/ausplots/site-ntassd0014,permanent plot,http://linked.data.gov.au/def/tern-cv/e1021d25-7d76-4faa-bfcc-fb6d225eb3ec,True,N/A,N/A,N/A
http://linked.data.gov.au/dataset/ausplots/tern_site_location-attr-comments-59983,NTASSD0014,http://linked.data.gov.au/dataset/ausplots/site-ntassd0014,site notes,http://linked.data.gov.au/def/tern-cv/1a283759-58e3-45bb-ab70-6f0bd82038fc,Broad longitudinal plain (north south aligned) about 5kms wide between dunes,N/A,N/A,N/A
http://linked.data.gov.au/dataset/ausplots/tern_site_location-attr-bioregion_name-60013,NSABHC0001,http://linked.data.gov.au/dataset/ausplots/site-nsabhc0001,bioregion,http://linked.data.gov.au/def/tern-cv/dbff3449-2ec9-4722-a953-87c78da86f74,Broken Hill Complex,http://linked.data.gov.au/def/ausplots-cv/fdaa4b83-e509-4ed3-8070-5ee8b5f14d4c,N/A,N/A
http://linked.data.gov.au/dataset/ausplots/tern_site_location-attr-plot_shape-60013,NSABHC0001,http://linked.data.gov.au/dataset/ausplots/site-nsabhc0001,plot shape,http://linked.data.gov.au/def/tern-cv/8080742b-6855-4e27-812b-671d4dfe7e0f,square,http://linked.data.gov.au/def/tern-cv/b2e07a7f-942e-44d9-9fd6-f0cee7be103d,N/A,N/A
http://linked.data.gov.au/dataset/ausplots/tern_site_location-attr-plot_width-60013,NSABHC0001,http://linked.data.gov.au/dataset/ausplots/site-nsabhc0001,plot width,http://linked.data.gov.au/def/tern-cv/c230dd97-3af1-43cf-bd27-ffcf4979d3a1,100.0,N/A,Metre,http://qudt.org/vocab/unit/M
http://linked.data.gov.au/dataset/ausplots/tern_site_location-attr-plot_length-60013,NSABHC0001,http://linked.data.gov.au/dataset/ausplots/site-nsabhc0001,plot length,http://linked.data.gov.au/def/tern-cv/9f8cc716-bc8c-40c4-be6b-6270813e94f3,100.0,N/A,Metre,http://qudt.org/vocab/unit/M
http://linked.data.gov.au/dataset/ausplots/tern_site_location-attr-plot_area-60013,NSABHC0001,http://linked.data.gov.au/dataset/ausplots/site-nsabhc0001,plot area,http://linked.data.gov.au/def/tern-cv/cc229ff9-8cca-4ddd-8f01-e1e3fb5892af,10000.0,N/A,Square Metre,http://qudt.org/vocab/unit/M2
http://linked.data.gov.au/dataset/ausplots/tern_site_location-attr-property-60013,NSABHC0001,http://linked.data.gov.au/dataset/ausplots/site-nsabhc0001,location name,http://linked.data.gov.au/def/tern-cv/dbf4aae7-4179-486b-b181-4f7942f657db,Broken Hill Town Common,N/A,N/A,N/A
http://linked.data.gov.au/dataset/ausplots/tern_site_location-attr-plot_is_permanently_marked-60013,NSABHC0001,http://linked.data.gov.au/dataset/ausplots/site-nsabhc0001,permanent plot,http://linked.data.gov.au/def/tern-cv/e1021d25-7d76-4faa-bfcc-fb6d225eb3ec,True,N/A,N/A,N/A
http://linked.data.gov.au/dataset/ausplots/tern_site_location-attr-comments-60013,NSABHC0001,http://linked.data.gov.au/dataset/ausplots/site-nsabhc0001,site notes,http://linked.data.gov.au/def/tern-cv/1a283759-58e3-45bb-ab70-6f0bd82038fc,Toe slope of a low rise. Sloping to the south west by 2 degrees. Rise on north eastern edge. Minimal surface strew- some very fine gravels but lots of cryptogam crust. Introduced plant effect is minimal- Conyza bonariensis present but very low cover.  Homogeneity- confined to site- more Maireana spp. on northern edge. Road is 60m north from the site. Plot is marked- SW corner is marked with fiberglass pole centre with a star picket.,N/A,N/A,N/A
http://linked.data.gov.au/dataset/ausplots/tern_site_location-attr-bioregion_name-60014,NSABHC0002,http://linked.data.gov.au/dataset/ausplots/site-nsabhc0002,bioregion,http://linked.data.gov.au/def/tern-cv/dbff3449-2ec9-4722-a953-87c78da86f74,Broken Hill Complex,http://linked.data.gov.au/def/ausplots-cv/fdaa4b83-e509-4ed3-8070-5ee8b5f14d4c,N/A,N/A
http://linked.data.gov.au/dataset/ausplots/tern_site_location-attr-plot_shape-60014,NSABHC0002,http://linked.data.gov.au/dataset/ausplots/site-nsabhc0002,plot shape,http://linked.data.gov.au/def/tern-cv/8080742b-6855-4e27-812b-671d4dfe7e0f,square,http://linked.data.gov.au/def/tern-cv/b2e07a7f-942e-44d9-9fd6-f0cee7be103d,N/A,N/A
http://linked.data.gov.au/dataset/ausplots/tern_site_location-attr-plot_width-60014,NSABHC0002,http://linked.data.gov.au/dataset/ausplots/site-nsabhc0002,plot width,http://linked.data.gov.au/def/tern-cv/c230dd97-3af1-43cf-bd27-ffcf4979d3a1,100.0,N/A,Metre,http://qudt.org/vocab/unit/M
http://linked.data.gov.au/dataset/ausplots/tern_site_location-attr-plot_length-60014,NSABHC0002,http://linked.data.gov.au/dataset/ausplots/site-nsabhc0002,plot length,http://linked.data.gov.au/def/tern-cv/9f8cc716-bc8c-40c4-be6b-6270813e94f3,100.0,N/A,Metre,http://qudt.org/vocab/unit/M
http://linked.data.gov.au/dataset/ausplots/tern_site_location-attr-plot_area-60014,NSABHC0002,http://linked.data.gov.au/dataset/ausplots/site-nsabhc0002,plot area,http://linked.data.gov.au/def/tern-cv/cc229ff9-8cca-4ddd-8f01-e1e3fb5892af,10000.0,N/A,Square Metre,http://qudt.org/vocab/unit/M2
http://linked.data.gov.au/dataset/ausplots/tern_site_location-attr-property-60014,NSABHC0002,http://linked.data.gov.au/dataset/ausplots/site-nsabhc0002,location name,http://linked.data.gov.au/def/tern-cv/dbf4aae7-4179-486b-b181-4f7942f657db,Broken Hill Town Common,N/A,N/A,N/A
http://linked.data.gov.au/dataset/ausplots/tern_site_location-attr-plot_is_permanently_marked-60014,NSABHC0002,http://linked.data.gov.au/dataset/ausplots/site-nsabhc0002,permanent plot,http://linked.data.gov.au/def/tern-cv/e1021d25-7d76-4faa-bfcc-fb6d225eb3ec,False,N/A,N/A,N/A
http://linked.data.gov.au/dataset/ausplots/tern_site_location-attr-comments-60014,NSABHC0002,http://linked.data.gov.au/dataset/ausplots/site-nsabhc0002,site notes,http://linked.data.gov.au/def/tern-cv/1a283759-58e3-45bb-ab70-6f0bd82038fc,"Plot is on a plain between low rises. Slope to the south east rising more towards the north west corner where there is a low rise. 3 degree slope. Drainage line though the centre of the site running east but overall slope is to the south east. Some gravels through the site- mostly quartzite but some limestone gravels. Plot is within the regeneration reserve but some dirt bike tracks around ( but not in) the site- 50m away. 200m from main sealed road. Plot not marked. Minimal impact of introduced plant species,  Sonchus oleraceus present.",N/A,N/A,N/A
http://linked.data.gov.au/dataset/ausplots/tern_site_location-attr-bioregion_name-60030,WAGCOO0001,http://linked.data.gov.au/dataset/ausplots/site-wagcoo0001,bioregion,http://linked.data.gov.au/def/tern-cv/dbff3449-2ec9-4722-a953-87c78da86f74,Coolgardie,http://linked.data.gov.au/def/ausplots-cv/655520fa-fe97-4b67-a35f-a377476f0ff6,N/A,N/A
http://linked.data.gov.au/dataset/ausplots/tern_site_location-attr-plot_shape-60030,WAGCOO0001,http://linked.data.gov.au/dataset/ausplots/site-wagcoo0001,plot shape,http://linked.data.gov.au/def/tern-cv/8080742b-6855-4e27-812b-671d4dfe7e0f,square,http://linked.data.gov.au/def/tern-cv/b2e07a7f-942e-44d9-9fd6-f0cee7be103d,N/A,N/A
http://linked.data.gov.au/dataset/ausplots/tern_site_location-attr-plot_width-60030,WAGCOO0001,http://linked.data.gov.au/dataset/ausplots/site-wagcoo0001,plot width,http://linked.data.gov.au/def/tern-cv/c230dd97-3af1-43cf-bd27-ffcf4979d3a1,100.0,N/A,Metre,http://qudt.org/vocab/unit/M
http://linked.data.gov.au/dataset/ausplots/tern_site_location-attr-plot_length-60030,WAGCOO0001,http://linked.data.gov.au/dataset/ausplots/site-wagcoo0001,plot length,http://linked.data.gov.au/def/tern-cv/9f8cc716-bc8c-40c4-be6b-6270813e94f3,100.0,N/A,Metre,http://qudt.org/vocab/unit/M
http://linked.data.gov.au/dataset/ausplots/tern_site_location-attr-plot_area-60030,WAGCOO0001,http://linked.data.gov.au/dataset/ausplots/site-wagcoo0001,plot area,http://linked.data.gov.au/def/tern-cv/cc229ff9-8cca-4ddd-8f01-e1e3fb5892af,10000.0,N/A,Square Metre,http://qudt.org/vocab/unit/M2
http://linked.data.gov.au/dataset/ausplots/tern_site_location-attr-property-60030,WAGCOO0001,http://linked.data.gov.au/dataset/ausplots/site-wagcoo0001,location name,http://linked.data.gov.au/def/tern-cv/dbf4aae7-4179-486b-b181-4f7942f657db,Credo Conservation Park,N/A,N/A,N/A
http://linked.data.gov.au/dataset/ausplots/tern_site_location-attr-plot_is_permanently_marked-60030,WAGCOO0001,http://linked.data.gov.au/dataset/ausplots/site-wagcoo0001,permanent plot,http://linked.data.gov.au/def/tern-cv/e1021d25-7d76-4faa-bfcc-fb6d225eb3ec,True,N/A,N/A,N/A
http://linked.data.gov.au/dataset/ausplots/tern_site_location-attr-comments-60030,WAGCOO0001,http://linked.data.gov.au/dataset/ausplots/site-wagcoo0001,site notes,http://linked.data.gov.au/def/tern-cv/1a283759-58e3-45bb-ab70-6f0bd82038fc,Flat site. Minimal impact of introduced plant species. Long unburnt- sparse mid and ground layer. Some surface strew. Community is confine to the plot. North and south of plot is more open spinifex dominated system. NE corner is 180m from past access track to the north east.,N/A,N/A,N/A
http://linked.data.gov.au/dataset/ausplots/tern_site_location-attr-bioregion_name-60032,WAGCOO0004,http://linked.data.gov.au/dataset/ausplots/site-wagcoo0004,bioregion,http://linked.data.gov.au/def/tern-cv/dbff3449-2ec9-4722-a953-87c78da86f74,Coolgardie,http://linked.data.gov.au/def/ausplots-cv/655520fa-fe97-4b67-a35f-a377476f0ff6,N/A,N/A
http://linked.data.gov.au/dataset/ausplots/tern_site_location-attr-plot_shape-60032,WAGCOO0004,http://linked.data.gov.au/dataset/ausplots/site-wagcoo0004,plot shape,http://linked.data.gov.au/def/tern-cv/8080742b-6855-4e27-812b-671d4dfe7e0f,square,http://linked.data.gov.au/def/tern-cv/b2e07a7f-942e-44d9-9fd6-f0cee7be103d,N/A,N/A
http://linked.data.gov.au/dataset/ausplots/tern_site_location-attr-plot_width-60032,WAGCOO0004,http://linked.data.gov.au/dataset/ausplots/site-wagcoo0004,plot width,http://linked.data.gov.au/def/tern-cv/c230dd97-3af1-43cf-bd27-ffcf4979d3a1,100.0,N/A,Metre,http://qudt.org/vocab/unit/M
http://linked.data.gov.au/dataset/ausplots/tern_site_location-attr-plot_length-60032,WAGCOO0004,http://linked.data.gov.au/dataset/ausplots/site-wagcoo0004,plot length,http://linked.data.gov.au/def/tern-cv/9f8cc716-bc8c-40c4-be6b-6270813e94f3,100.0,N/A,Metre,http://qudt.org/vocab/unit/M
http://linked.data.gov.au/dataset/ausplots/tern_site_location-attr-plot_area-60032,WAGCOO0004,http://linked.data.gov.au/dataset/ausplots/site-wagcoo0004,plot area,http://linked.data.gov.au/def/tern-cv/cc229ff9-8cca-4ddd-8f01-e1e3fb5892af,10000.0,N/A,Square Metre,http://qudt.org/vocab/unit/M2
http://linked.data.gov.au/dataset/ausplots/tern_site_location-attr-property-60032,WAGCOO0004,http://linked.data.gov.au/dataset/ausplots/site-wagcoo0004,location name,http://linked.data.gov.au/def/tern-cv/dbf4aae7-4179-486b-b181-4f7942f657db,Credo Conservation Park,N/A,N/A,N/A
http://linked.data.gov.au/dataset/ausplots/tern_site_location-attr-plot_is_permanently_marked-60032,WAGCOO0004,http://linked.data.gov.au/dataset/ausplots/site-wagcoo0004,permanent plot,http://linked.data.gov.au/def/tern-cv/e1021d25-7d76-4faa-bfcc-fb6d225eb3ec,True,N/A,N/A,N/A
http://linked.data.gov.au/dataset/ausplots/tern_site_location-attr-comments-60032,WAGCOO0004,http://linked.data.gov.au/dataset/ausplots/site-wagcoo0004,site notes,http://linked.data.gov.au/def/tern-cv/1a283759-58e3-45bb-ab70-6f0bd82038fc,"Plots sits on broad plain, adjacent Credo airstrip. Low impact of introduced plant species- Medicago minima and Salvia verbenaca present but low cover at time of visit. 600m to the south of plot is old, empty turkey nest dam so grazing would have been higher in past but currently low. Long unburnt. Homogeanity- community is confined to plot- north east corner is edge of airstrip.",N/A,N/A,N/A
http://linked.data.gov.au/dataset/ausplots/tern_site_location-attr-bioregion_name-60112,NTASSD0007,http://linked.data.gov.au/dataset/ausplots/site-ntassd0007,bioregion,http://linked.data.gov.au/def/tern-cv/dbff3449-2ec9-4722-a953-87c78da86f74,Simpson Strzelecki Dunefields,http://linked.data.gov.au/def/ausplots-cv/8292a1e8-5671-4997-a034-9775b3e4d8f8,N/A,N/A
http://linked.data.gov.au/dataset/ausplots/tern_site_location-attr-plot_shape-60112,NTASSD0007,http://linked.data.gov.au/dataset/ausplots/site-ntassd0007,plot shape,http://linked.data.gov.au/def/tern-cv/8080742b-6855-4e27-812b-671d4dfe7e0f,rectangle,http://linked.data.gov.au/def/tern-cv/c4215f3c-1f25-4c1c-b910-27027848fc8f,N/A,N/A
http://linked.data.gov.au/dataset/ausplots/tern_site_location-attr-plot_width-60112,NTASSD0007,http://linked.data.gov.au/dataset/ausplots/site-ntassd0007,plot width,http://linked.data.gov.au/def/tern-cv/c230dd97-3af1-43cf-bd27-ffcf4979d3a1,50.0,N/A,Metre,http://qudt.org/vocab/unit/M
http://linked.data.gov.au/dataset/ausplots/tern_site_location-attr-plot_length-60112,NTASSD0007,http://linked.data.gov.au/dataset/ausplots/site-ntassd0007,plot length,http://linked.data.gov.au/def/tern-cv/9f8cc716-bc8c-40c4-be6b-6270813e94f3,200.0,N/A,Metre,http://qudt.org/vocab/unit/M
http://linked.data.gov.au/dataset/ausplots/tern_site_location-attr-plot_area-60112,NTASSD0007,http://linked.data.gov.au/dataset/ausplots/site-ntassd0007,plot area,http://linked.data.gov.au/def/tern-cv/cc229ff9-8cca-4ddd-8f01-e1e3fb5892af,10000.0,N/A,Square Metre,http://qudt.org/vocab/unit/M2
http://linked.data.gov.au/dataset/ausplots/tern_site_location-attr-property-60112,NTASSD0007,http://linked.data.gov.au/dataset/ausplots/site-ntassd0007,location name,http://linked.data.gov.au/def/tern-cv/dbf4aae7-4179-486b-b181-4f7942f657db,Simpson Desert,N/A,N/A,N/A
http://linked.data.gov.au/dataset/ausplots/tern_site_location-attr-plot_is_permanently_marked-60112,NTASSD0007,http://linked.data.gov.au/dataset/ausplots/site-ntassd0007,permanent plot,http://linked.data.gov.au/def/tern-cv/e1021d25-7d76-4faa-bfcc-fb6d225eb3ec,True,N/A,N/A,N/A
http://linked.data.gov.au/dataset/ausplots/tern_site_location-attr-comments-60112,NTASSD0007,http://linked.data.gov.au/dataset/ausplots/site-ntassd0007,site notes,http://linked.data.gov.au/def/tern-cv/1a283759-58e3-45bb-ab70-6f0bd82038fc,Dune crest/slope. Plot running North west to South East,N/A,N/A,N/A
http://linked.data.gov.au/dataset/ausplots/tern_site_location-attr-bioregion_name-60113,NTASSD0009,http://linked.data.gov.au/dataset/ausplots/site-ntassd0009,bioregion,http://linked.data.gov.au/def/tern-cv/dbff3449-2ec9-4722-a953-87c78da86f74,Simpson Strzelecki Dunefields,http://linked.data.gov.au/def/ausplots-cv/8292a1e8-5671-4997-a034-9775b3e4d8f8,N/A,N/A
http://linked.data.gov.au/dataset/ausplots/tern_site_location-attr-plot_shape-60113,NTASSD0009,http://linked.data.gov.au/dataset/ausplots/site-ntassd0009,plot shape,http://linked.data.gov.au/def/tern-cv/8080742b-6855-4e27-812b-671d4dfe7e0f,rectangle,http://linked.data.gov.au/def/tern-cv/c4215f3c-1f25-4c1c-b910-27027848fc8f,N/A,N/A
http://linked.data.gov.au/dataset/ausplots/tern_site_location-attr-plot_width-60113,NTASSD0009,http://linked.data.gov.au/dataset/ausplots/site-ntassd0009,plot width,http://linked.data.gov.au/def/tern-cv/c230dd97-3af1-43cf-bd27-ffcf4979d3a1,50.0,N/A,Metre,http://qudt.org/vocab/unit/M
http://linked.data.gov.au/dataset/ausplots/tern_site_location-attr-plot_length-60113,NTASSD0009,http://linked.data.gov.au/dataset/ausplots/site-ntassd0009,plot length,http://linked.data.gov.au/def/tern-cv/9f8cc716-bc8c-40c4-be6b-6270813e94f3,200.0,N/A,Metre,http://qudt.org/vocab/unit/M
http://linked.data.gov.au/dataset/ausplots/tern_site_location-attr-plot_area-60113,NTASSD0009,http://linked.data.gov.au/dataset/ausplots/site-ntassd0009,plot area,http://linked.data.gov.au/def/tern-cv/cc229ff9-8cca-4ddd-8f01-e1e3fb5892af,10000.0,N/A,Square Metre,http://qudt.org/vocab/unit/M2
http://linked.data.gov.au/dataset/ausplots/tern_site_location-attr-property-60113,NTASSD0009,http://linked.data.gov.au/dataset/ausplots/site-ntassd0009,location name,http://linked.data.gov.au/def/tern-cv/dbf4aae7-4179-486b-b181-4f7942f657db,Simpson Desert,N/A,N/A,N/A
http://linked.data.gov.au/dataset/ausplots/tern_site_location-attr-plot_is_permanently_marked-60113,NTASSD0009,http://linked.data.gov.au/dataset/ausplots/site-ntassd0009,permanent plot,http://linked.data.gov.au/def/tern-cv/e1021d25-7d76-4faa-bfcc-fb6d225eb3ec,True,N/A,N/A,N/A
http://linked.data.gov.au/dataset/ausplots/tern_site_location-attr-comments-60113,NTASSD0009,http://linked.data.gov.au/dataset/ausplots/site-ntassd0009,site notes,http://linked.data.gov.au/def/tern-cv/1a283759-58e3-45bb-ab70-6f0bd82038fc,Swale. Plot running North west to South East. Run on area in North east corner.,N/A,N/A,N/A
http://linked.data.gov.au/dataset/ausplots/tern_site_location-attr-bioregion_name-60114,NTASSD0010,http://linked.data.gov.au/dataset/ausplots/site-ntassd0010,bioregion,http://linked.data.gov.au/def/tern-cv/dbff3449-2ec9-4722-a953-87c78da86f74,Simpson Strzelecki Dunefields,http://linked.data.gov.au/def/ausplots-cv/8292a1e8-5671-4997-a034-9775b3e4d8f8,N/A,N/A
http://linked.data.gov.au/dataset/ausplots/tern_site_location-attr-plot_shape-60114,NTASSD0010,http://linked.data.gov.au/dataset/ausplots/site-ntassd0010,plot shape,http://linked.data.gov.au/def/tern-cv/8080742b-6855-4e27-812b-671d4dfe7e0f,rectangle,http://linked.data.gov.au/def/tern-cv/c4215f3c-1f25-4c1c-b910-27027848fc8f,N/A,N/A
http://linked.data.gov.au/dataset/ausplots/tern_site_location-attr-plot_width-60114,NTASSD0010,http://linked.data.gov.au/dataset/ausplots/site-ntassd0010,plot width,http://linked.data.gov.au/def/tern-cv/c230dd97-3af1-43cf-bd27-ffcf4979d3a1,50.0,N/A,Metre,http://qudt.org/vocab/unit/M
http://linked.data.gov.au/dataset/ausplots/tern_site_location-attr-plot_length-60114,NTASSD0010,http://linked.data.gov.au/dataset/ausplots/site-ntassd0010,plot length,http://linked.data.gov.au/def/tern-cv/9f8cc716-bc8c-40c4-be6b-6270813e94f3,200.0,N/A,Metre,http://qudt.org/vocab/unit/M
http://linked.data.gov.au/dataset/ausplots/tern_site_location-attr-plot_area-60114,NTASSD0010,http://linked.data.gov.au/dataset/ausplots/site-ntassd0010,plot area,http://linked.data.gov.au/def/tern-cv/cc229ff9-8cca-4ddd-8f01-e1e3fb5892af,10000.0,N/A,Square Metre,http://qudt.org/vocab/unit/M2
http://linked.data.gov.au/dataset/ausplots/tern_site_location-attr-property-60114,NTASSD0010,http://linked.data.gov.au/dataset/ausplots/site-ntassd0010,location name,http://linked.data.gov.au/def/tern-cv/dbf4aae7-4179-486b-b181-4f7942f657db,Simpson Desert,N/A,N/A,N/A
http://linked.data.gov.au/dataset/ausplots/tern_site_location-attr-plot_is_permanently_marked-60114,NTASSD0010,http://linked.data.gov.au/dataset/ausplots/site-ntassd0010,permanent plot,http://linked.data.gov.au/def/tern-cv/e1021d25-7d76-4faa-bfcc-fb6d225eb3ec,True,N/A,N/A,N/A
http://linked.data.gov.au/dataset/ausplots/tern_site_location-attr-comments-60114,NTASSD0010,http://linked.data.gov.au/dataset/ausplots/site-ntassd0010,site notes,http://linked.data.gov.au/def/tern-cv/1a283759-58e3-45bb-ab70-6f0bd82038fc,Dune crest/slope. Plot running North west to South East.,N/A,N/A,N/A
http://linked.data.gov.au/dataset/ausplots/tern_site_location-attr-bioregion_name-60163,NTAFIN0028,http://linked.data.gov.au/dataset/ausplots/site-ntafin0028,bioregion,http://linked.data.gov.au/def/tern-cv/dbff3449-2ec9-4722-a953-87c78da86f74,Finke,http://linked.data.gov.au/def/ausplots-cv/d0c3ab2b-7425-4252-8429-bf8bd24e4eb0,N/A,N/A
http://linked.data.gov.au/dataset/ausplots/tern_site_location-attr-plot_shape-60163,NTAFIN0028,http://linked.data.gov.au/dataset/ausplots/site-ntafin0028,plot shape,http://linked.data.gov.au/def/tern-cv/8080742b-6855-4e27-812b-671d4dfe7e0f,square,http://linked.data.gov.au/def/tern-cv/b2e07a7f-942e-44d9-9fd6-f0cee7be103d,N/A,N/A
http://linked.data.gov.au/dataset/ausplots/tern_site_location-attr-plot_width-60163,NTAFIN0028,http://linked.data.gov.au/dataset/ausplots/site-ntafin0028,plot width,http://linked.data.gov.au/def/tern-cv/c230dd97-3af1-43cf-bd27-ffcf4979d3a1,100.0,N/A,Metre,http://qudt.org/vocab/unit/M
http://linked.data.gov.au/dataset/ausplots/tern_site_location-attr-plot_length-60163,NTAFIN0028,http://linked.data.gov.au/dataset/ausplots/site-ntafin0028,plot length,http://linked.data.gov.au/def/tern-cv/9f8cc716-bc8c-40c4-be6b-6270813e94f3,100.0,N/A,Metre,http://qudt.org/vocab/unit/M
http://linked.data.gov.au/dataset/ausplots/tern_site_location-attr-plot_area-60163,NTAFIN0028,http://linked.data.gov.au/dataset/ausplots/site-ntafin0028,plot area,http://linked.data.gov.au/def/tern-cv/cc229ff9-8cca-4ddd-8f01-e1e3fb5892af,10000.0,N/A,Square Metre,http://qudt.org/vocab/unit/M2
http://linked.data.gov.au/dataset/ausplots/tern_site_location-attr-property-60163,NTAFIN0028,http://linked.data.gov.au/dataset/ausplots/site-ntafin0028,location name,http://linked.data.gov.au/def/tern-cv/dbf4aae7-4179-486b-b181-4f7942f657db,Umbeara Station,N/A,N/A,N/A
http://linked.data.gov.au/dataset/ausplots/tern_site_location-attr-plot_is_permanently_marked-60163,NTAFIN0028,http://linked.data.gov.au/dataset/ausplots/site-ntafin0028,permanent plot,http://linked.data.gov.au/def/tern-cv/e1021d25-7d76-4faa-bfcc-fb6d225eb3ec,True,N/A,N/A,N/A
http://linked.data.gov.au/dataset/ausplots/tern_site_location-attr-comments-60163,NTAFIN0028,http://linked.data.gov.au/dataset/ausplots/site-ntafin0028,site notes,http://linked.data.gov.au/def/tern-cv/1a283759-58e3-45bb-ab70-6f0bd82038fc,"Flat site in shallow drainage depression. Long unburnt due to sparse cover. Grazing impact moderate- 3km from water point. Grass layer still intact. Shallow drainage line running from NW corner to the SW corner at about 30m mark.  Auger to 1 m. No pit photos. Minimal impact of introduced plant species.
",N/A,N/A,N/A
http://linked.data.gov.au/dataset/ausplots/tern_site_location-attr-bioregion_name-60164,NTAFIN0029,http://linked.data.gov.au/dataset/ausplots/site-ntafin0029,bioregion,http://linked.data.gov.au/def/tern-cv/dbff3449-2ec9-4722-a953-87c78da86f74,Finke,http://linked.data.gov.au/def/ausplots-cv/d0c3ab2b-7425-4252-8429-bf8bd24e4eb0,N/A,N/A
http://linked.data.gov.au/dataset/ausplots/tern_site_location-attr-plot_shape-60164,NTAFIN0029,http://linked.data.gov.au/dataset/ausplots/site-ntafin0029,plot shape,http://linked.data.gov.au/def/tern-cv/8080742b-6855-4e27-812b-671d4dfe7e0f,square,http://linked.data.gov.au/def/tern-cv/b2e07a7f-942e-44d9-9fd6-f0cee7be103d,N/A,N/A
http://linked.data.gov.au/dataset/ausplots/tern_site_location-attr-plot_width-60164,NTAFIN0029,http://linked.data.gov.au/dataset/ausplots/site-ntafin0029,plot width,http://linked.data.gov.au/def/tern-cv/c230dd97-3af1-43cf-bd27-ffcf4979d3a1,100.0,N/A,Metre,http://qudt.org/vocab/unit/M
http://linked.data.gov.au/dataset/ausplots/tern_site_location-attr-plot_length-60164,NTAFIN0029,http://linked.data.gov.au/dataset/ausplots/site-ntafin0029,plot length,http://linked.data.gov.au/def/tern-cv/9f8cc716-bc8c-40c4-be6b-6270813e94f3,100.0,N/A,Metre,http://qudt.org/vocab/unit/M
http://linked.data.gov.au/dataset/ausplots/tern_site_location-attr-plot_area-60164,NTAFIN0029,http://linked.data.gov.au/dataset/ausplots/site-ntafin0029,plot area,http://linked.data.gov.au/def/tern-cv/cc229ff9-8cca-4ddd-8f01-e1e3fb5892af,10000.0,N/A,Square Metre,http://qudt.org/vocab/unit/M2
http://linked.data.gov.au/dataset/ausplots/tern_site_location-attr-property-60164,NTAFIN0029,http://linked.data.gov.au/dataset/ausplots/site-ntafin0029,location name,http://linked.data.gov.au/def/tern-cv/dbf4aae7-4179-486b-b181-4f7942f657db,Umbeara Station,N/A,N/A,N/A
http://linked.data.gov.au/dataset/ausplots/tern_site_location-attr-plot_is_permanently_marked-60164,NTAFIN0029,http://linked.data.gov.au/dataset/ausplots/site-ntafin0029,permanent plot,http://linked.data.gov.au/def/tern-cv/e1021d25-7d76-4faa-bfcc-fb6d225eb3ec,True,N/A,N/A,N/A
http://linked.data.gov.au/dataset/ausplots/tern_site_location-attr-comments-60164,NTAFIN0029,http://linked.data.gov.au/dataset/ausplots/site-ntafin0029,site notes,http://linked.data.gov.au/def/tern-cv/1a283759-58e3-45bb-ab70-6f0bd82038fc,"Very gently sloping site. Slope from the north east to the south east. No evidence of fire though difficult to tell ( no shrub layer) 3+years. Grazing impact moderate- grasses intact. 7km from water point but close to railway acting as a conduit for the cattle. Large patches of open bare ground. Minimal impact of introduced plant species.
",N/A,N/A,N/A
http://linked.data.gov.au/dataset/ausplots/tern_site_location-attr-bioregion_name-60228,WAANUL0001,http://linked.data.gov.au/dataset/ausplots/site-waanul0001,bioregion,http://linked.data.gov.au/def/tern-cv/dbff3449-2ec9-4722-a953-87c78da86f74,Nullarbor,http://linked.data.gov.au/def/ausplots-cv/4b8e1c17-8c1e-473e-9b80-bb071bc7604c,N/A,N/A
http://linked.data.gov.au/dataset/ausplots/tern_site_location-attr-plot_shape-60228,WAANUL0001,http://linked.data.gov.au/dataset/ausplots/site-waanul0001,plot shape,http://linked.data.gov.au/def/tern-cv/8080742b-6855-4e27-812b-671d4dfe7e0f,square,http://linked.data.gov.au/def/tern-cv/b2e07a7f-942e-44d9-9fd6-f0cee7be103d,N/A,N/A
http://linked.data.gov.au/dataset/ausplots/tern_site_location-attr-plot_width-60228,WAANUL0001,http://linked.data.gov.au/dataset/ausplots/site-waanul0001,plot width,http://linked.data.gov.au/def/tern-cv/c230dd97-3af1-43cf-bd27-ffcf4979d3a1,100.0,N/A,Metre,http://qudt.org/vocab/unit/M
http://linked.data.gov.au/dataset/ausplots/tern_site_location-attr-plot_length-60228,WAANUL0001,http://linked.data.gov.au/dataset/ausplots/site-waanul0001,plot length,http://linked.data.gov.au/def/tern-cv/9f8cc716-bc8c-40c4-be6b-6270813e94f3,100.0,N/A,Metre,http://qudt.org/vocab/unit/M
http://linked.data.gov.au/dataset/ausplots/tern_site_location-attr-plot_area-60228,WAANUL0001,http://linked.data.gov.au/dataset/ausplots/site-waanul0001,plot area,http://linked.data.gov.au/def/tern-cv/cc229ff9-8cca-4ddd-8f01-e1e3fb5892af,10000.0,N/A,Square Metre,http://qudt.org/vocab/unit/M2
http://linked.data.gov.au/dataset/ausplots/tern_site_location-attr-property-60228,WAANUL0001,http://linked.data.gov.au/dataset/ausplots/site-waanul0001,location name,http://linked.data.gov.au/def/tern-cv/dbf4aae7-4179-486b-b181-4f7942f657db,Arubiddy Station,N/A,N/A,N/A
http://linked.data.gov.au/dataset/ausplots/tern_site_location-attr-plot_is_permanently_marked-60228,WAANUL0001,http://linked.data.gov.au/dataset/ausplots/site-waanul0001,permanent plot,http://linked.data.gov.au/def/tern-cv/e1021d25-7d76-4faa-bfcc-fb6d225eb3ec,True,N/A,N/A,N/A
http://linked.data.gov.au/dataset/ausplots/tern_site_location-attr-comments-60228,WAANUL0001,http://linked.data.gov.au/dataset/ausplots/site-waanul0001,site notes,http://linked.data.gov.au/def/tern-cv/1a283759-58e3-45bb-ab70-6f0bd82038fc,Atriplex vesicaria Chenopod shrubland with some emergent Maireana sedifolia. Site is in very slight depression about 5 hectares in size. Surrounded by Maireana sedifolia. Some limestone gravel and boulders. Limestone starts at about 20cm below the surface. Long unburnt. Grazing effect low- no sheep but old rabbit warrens within the site. No introduced plant species noted. Site is flat. Some recent rain- active vegetation growth.,N/A,N/A,N/A
http://linked.data.gov.au/dataset/ausplots/tern_site_location-attr-bioregion_name-60322,NTASSD0008,http://linked.data.gov.au/dataset/ausplots/site-ntassd0008,bioregion,http://linked.data.gov.au/def/tern-cv/dbff3449-2ec9-4722-a953-87c78da86f74,Simpson Strzelecki Dunefields,http://linked.data.gov.au/def/ausplots-cv/8292a1e8-5671-4997-a034-9775b3e4d8f8,N/A,N/A
http://linked.data.gov.au/dataset/ausplots/tern_site_location-attr-plot_shape-60322,NTASSD0008,http://linked.data.gov.au/dataset/ausplots/site-ntassd0008,plot shape,http://linked.data.gov.au/def/tern-cv/8080742b-6855-4e27-812b-671d4dfe7e0f,square,http://linked.data.gov.au/def/tern-cv/b2e07a7f-942e-44d9-9fd6-f0cee7be103d,N/A,N/A
http://linked.data.gov.au/dataset/ausplots/tern_site_location-attr-plot_width-60322,NTASSD0008,http://linked.data.gov.au/dataset/ausplots/site-ntassd0008,plot width,http://linked.data.gov.au/def/tern-cv/c230dd97-3af1-43cf-bd27-ffcf4979d3a1,100.0,N/A,Metre,http://qudt.org/vocab/unit/M
http://linked.data.gov.au/dataset/ausplots/tern_site_location-attr-plot_length-60322,NTASSD0008,http://linked.data.gov.au/dataset/ausplots/site-ntassd0008,plot length,http://linked.data.gov.au/def/tern-cv/9f8cc716-bc8c-40c4-be6b-6270813e94f3,100.0,N/A,Metre,http://qudt.org/vocab/unit/M
http://linked.data.gov.au/dataset/ausplots/tern_site_location-attr-plot_area-60322,NTASSD0008,http://linked.data.gov.au/dataset/ausplots/site-ntassd0008,plot area,http://linked.data.gov.au/def/tern-cv/cc229ff9-8cca-4ddd-8f01-e1e3fb5892af,10000.0,N/A,Square Metre,http://qudt.org/vocab/unit/M2
http://linked.data.gov.au/dataset/ausplots/tern_site_location-attr-property-60322,NTASSD0008,http://linked.data.gov.au/dataset/ausplots/site-ntassd0008,location name,http://linked.data.gov.au/def/tern-cv/dbf4aae7-4179-486b-b181-4f7942f657db,Simpson Desert,N/A,N/A,N/A
http://linked.data.gov.au/dataset/ausplots/tern_site_location-attr-plot_is_permanently_marked-60322,NTASSD0008,http://linked.data.gov.au/dataset/ausplots/site-ntassd0008,permanent plot,http://linked.data.gov.au/def/tern-cv/e1021d25-7d76-4faa-bfcc-fb6d225eb3ec,True,N/A,N/A,N/A
http://linked.data.gov.au/dataset/ausplots/tern_site_location-attr-comments-60322,NTASSD0008,http://linked.data.gov.au/dataset/ausplots/site-ntassd0008,site notes,http://linked.data.gov.au/def/tern-cv/1a283759-58e3-45bb-ab70-6f0bd82038fc,"Large Swale, plot aligned North/ South. Grazing effect minimal. No introduced plant species noted.",N/A,N/A,N/A
http://linked.data.gov.au/dataset/ausplots/tern_site_location-attr-bioregion_name-61207,WAAVIB0004,http://linked.data.gov.au/dataset/ausplots/site-waavib0004,bioregion,http://linked.data.gov.au/def/tern-cv/dbff3449-2ec9-4722-a953-87c78da86f74,Victoria Bonaparte,http://linked.data.gov.au/def/ausplots-cv/4b54cd51-1f96-4330-a3e9-f2b50cc13367,N/A,N/A
http://linked.data.gov.au/dataset/ausplots/tern_site_location-attr-plot_shape-61207,WAAVIB0004,http://linked.data.gov.au/dataset/ausplots/site-waavib0004,plot shape,http://linked.data.gov.au/def/tern-cv/8080742b-6855-4e27-812b-671d4dfe7e0f,square,http://linked.data.gov.au/def/tern-cv/b2e07a7f-942e-44d9-9fd6-f0cee7be103d,N/A,N/A
http://linked.data.gov.au/dataset/ausplots/tern_site_location-attr-plot_width-61207,WAAVIB0004,http://linked.data.gov.au/dataset/ausplots/site-waavib0004,plot width,http://linked.data.gov.au/def/tern-cv/c230dd97-3af1-43cf-bd27-ffcf4979d3a1,100.0,N/A,Metre,http://qudt.org/vocab/unit/M
http://linked.data.gov.au/dataset/ausplots/tern_site_location-attr-plot_length-61207,WAAVIB0004,http://linked.data.gov.au/dataset/ausplots/site-waavib0004,plot length,http://linked.data.gov.au/def/tern-cv/9f8cc716-bc8c-40c4-be6b-6270813e94f3,100.0,N/A,Metre,http://qudt.org/vocab/unit/M
http://linked.data.gov.au/dataset/ausplots/tern_site_location-attr-plot_area-61207,WAAVIB0004,http://linked.data.gov.au/dataset/ausplots/site-waavib0004,plot area,http://linked.data.gov.au/def/tern-cv/cc229ff9-8cca-4ddd-8f01-e1e3fb5892af,10000.0,N/A,Square Metre,http://qudt.org/vocab/unit/M2
http://linked.data.gov.au/dataset/ausplots/tern_site_location-attr-property-61207,WAAVIB0004,http://linked.data.gov.au/dataset/ausplots/site-waavib0004,location name,http://linked.data.gov.au/def/tern-cv/dbf4aae7-4179-486b-b181-4f7942f657db,El Questro Station,N/A,N/A,N/A
http://linked.data.gov.au/dataset/ausplots/tern_site_location-attr-plot_is_permanently_marked-61207,WAAVIB0004,http://linked.data.gov.au/dataset/ausplots/site-waavib0004,permanent plot,http://linked.data.gov.au/def/tern-cv/e1021d25-7d76-4faa-bfcc-fb6d225eb3ec,False,N/A,N/A,N/A
http://linked.data.gov.au/dataset/ausplots/tern_site_location-attr-comments-61207,WAAVIB0004,http://linked.data.gov.au/dataset/ausplots/site-waavib0004,site notes,http://linked.data.gov.au/def/tern-cv/1a283759-58e3-45bb-ab70-6f0bd82038fc,complete,N/A,N/A,N/A
http://linked.data.gov.au/dataset/ausplots/tern_site_location-attr-bioregion_name-61266,NSABBS0001,http://linked.data.gov.au/dataset/ausplots/site-nsabbs0001,bioregion,http://linked.data.gov.au/def/tern-cv/dbff3449-2ec9-4722-a953-87c78da86f74,Brigalow Belt South,http://linked.data.gov.au/def/ausplots-cv/6d281c55-2067-4751-a9a1-bfda0f81542a,N/A,N/A
http://linked.data.gov.au/dataset/ausplots/tern_site_location-attr-plot_shape-61266,NSABBS0001,http://linked.data.gov.au/dataset/ausplots/site-nsabbs0001,plot shape,http://linked.data.gov.au/def/tern-cv/8080742b-6855-4e27-812b-671d4dfe7e0f,square,http://linked.data.gov.au/def/tern-cv/b2e07a7f-942e-44d9-9fd6-f0cee7be103d,N/A,N/A
http://linked.data.gov.au/dataset/ausplots/tern_site_location-attr-plot_width-61266,NSABBS0001,http://linked.data.gov.au/dataset/ausplots/site-nsabbs0001,plot width,http://linked.data.gov.au/def/tern-cv/c230dd97-3af1-43cf-bd27-ffcf4979d3a1,100.0,N/A,Metre,http://qudt.org/vocab/unit/M
http://linked.data.gov.au/dataset/ausplots/tern_site_location-attr-plot_length-61266,NSABBS0001,http://linked.data.gov.au/dataset/ausplots/site-nsabbs0001,plot length,http://linked.data.gov.au/def/tern-cv/9f8cc716-bc8c-40c4-be6b-6270813e94f3,100.0,N/A,Metre,http://qudt.org/vocab/unit/M
http://linked.data.gov.au/dataset/ausplots/tern_site_location-attr-plot_area-61266,NSABBS0001,http://linked.data.gov.au/dataset/ausplots/site-nsabbs0001,plot area,http://linked.data.gov.au/def/tern-cv/cc229ff9-8cca-4ddd-8f01-e1e3fb5892af,10000.0,N/A,Square Metre,http://qudt.org/vocab/unit/M2
http://linked.data.gov.au/dataset/ausplots/tern_site_location-attr-property-61266,NSABBS0001,http://linked.data.gov.au/dataset/ausplots/site-nsabbs0001,location name,http://linked.data.gov.au/def/tern-cv/dbf4aae7-4179-486b-b181-4f7942f657db,Warrumbungle National Park,N/A,N/A,N/A
http://linked.data.gov.au/dataset/ausplots/tern_site_location-attr-plot_is_permanently_marked-61266,NSABBS0001,http://linked.data.gov.au/dataset/ausplots/site-nsabbs0001,permanent plot,http://linked.data.gov.au/def/tern-cv/e1021d25-7d76-4faa-bfcc-fb6d225eb3ec,True,N/A,N/A,N/A
http://linked.data.gov.au/dataset/ausplots/tern_site_location-attr-comments-61266,NSABBS0001,http://linked.data.gov.au/dataset/ausplots/site-nsabbs0001,site notes,http://linked.data.gov.au/def/tern-cv/1a283759-58e3-45bb-ab70-6f0bd82038fc,Lower bottom slope of the range. 3 degree slope but 5-6 degrees at SW corner. NW aspect. Mostly cobbles of metamorphosed sandstone origin. Some pockets of very low outcrop as well. Burnt in 2013 but not as severe as further up ridge- not as much crown burn. Pig trap in the middle of the plot. Old concrete block ( amenity block from old campground?) and old disused track just creeps in on western edge. Introduced plant effect- check with Herbarium Ids. Homogeneity- community is confined to plot- SW corner rises up onto slope of ridge with ironbarks. Northern edge is close to the road and western edge is turn around area for walking trail. 10m from northern edge to road. 10m from western edge to turnaround area.,N/A,N/A,N/A
